device,control,status
hq-r1,NTP,COMPLIANT
hq-r1,AAA_TACACS,COMPLIANT
hq-r1,SSH_v2,NON_COMPLIANT
hq-r1,Syslog,COMPLIANT
hq-r1,Management_ACL,COMPLIANT
hq-asw1,NTP,COMPLIANT
hq-asw1,AAA_TACACS,COMPLIANT
hq-asw1,SSH_v2,NON_COMPLIANT
hq-asw1,Syslog,COMPLIANT
hq-asw1,Management_ACL,COMPLIANT
hq-asw2,NTP,COMPLIANT
hq-asw2,AAA_TACACS,COMPLIANT
hq-asw2,SSH_v2,COMPLIANT
hq-asw2,Syslog,COMPLIANT
hq-asw2,Management_ACL,COMPLIANT
hq-asw3,NTP,COMPLIANT
hq-asw3,AAA_TACACS,COMPLIANT
hq-asw3,SSH_v2,COMPLIANT
hq-asw3,Syslog,COMPLIANT
hq-asw3,Management_ACL,COMPLIANT
hq-dsw1,NTP,COMPLIANT
hq-dsw1,AAA_TACACS,COMPLIANT
hq-dsw1,SSH_v2,NON_COMPLIANT
hq-dsw1,Syslog,COMPLIANT
hq-dsw1,Management_ACL,COMPLIANT
hq-dsw2,NTP,COMPLIANT
hq-dsw2,AAA_TACACS,COMPLIANT
hq-dsw2,SSH_v2,COMPLIANT
hq-dsw2,Syslog,COMPLIANT
hq-dsw2,Management_ACL,COMPLIANT
