device,interface,ip_address,status,protocol
hq-r1,Ethernet0/0,10.10.255.2,up,up
hq-r1,Ethernet0/1,10.10.255.6,up,up
hq-r1,Ethernet0/2,10.10.255.14,up,up
hq-r1,Ethernet0/3,192.168.203.141,up,up
hq-r1,Ethernet1/0,unassigned,down,down
hq-r1,Ethernet1/1,unassigned,down,down
hq-r1,Ethernet1/2,unassigned,down,down
hq-r1,Ethernet1/3,unassigned,down,down
hq-r1,Serial2/0,unassigned,down,down
hq-r1,Serial2/1,unassigned,down,down
hq-r1,Serial2/2,unassigned,down,down
hq-r1,Serial2/3,unassigned,down,down
hq-r1,Loopback0,11.11.11.11,up,up
hq-r1,Loopback1,10.10.95.13,up,up
hq-asw1,Ethernet0/0,unassigned,up,up
hq-asw1,Ethernet0/1,unassigned,up,up
hq-asw1,Ethernet0/2,unassigned,up,up
hq-asw1,Ethernet0/3,unassigned,up,up
hq-asw1,Ethernet1/0,unassigned,up,up
hq-asw1,Ethernet1/1,unassigned,up,up
hq-asw1,Ethernet1/2,unassigned,up,up
hq-asw1,Ethernet1/3,unassigned,up,up
hq-asw1,Ethernet2/0,unassigned,up,up
hq-asw1,Ethernet2/1,unassigned,up,up
hq-asw1,Ethernet2/2,unassigned,up,up
hq-asw1,Ethernet2/3,unassigned,up,up
hq-asw1,Ethernet3/0,unassigned,up,up
hq-asw1,Ethernet3/1,unassigned,up,up
hq-asw1,Ethernet3/2,unassigned,up,up
hq-asw1,Ethernet3/3,unassigned,up,up
hq-asw1,Ethernet4/0,unassigned,up,up
hq-asw1,Ethernet4/1,unassigned,up,up
hq-asw1,Ethernet4/2,unassigned,up,up
hq-asw1,Ethernet4/3,unassigned,up,up
hq-asw1,Ethernet5/0,unassigned,up,up
hq-asw1,Ethernet5/1,unassigned,up,up
hq-asw1,Ethernet5/2,unassigned,up,up
hq-asw1,Ethernet5/3,unassigned,up,up
hq-asw1,Serial6/0,unassigned,down,down
hq-asw1,Serial6/1,unassigned,down,down
hq-asw1,Serial6/2,unassigned,down,down
hq-asw1,Serial6/3,unassigned,down,down
hq-asw1,Vlan95,10.10.95.2,up,up
hq-asw2,Ethernet0/0,unassigned,up,up
hq-asw2,Ethernet0/1,unassigned,up,up
hq-asw2,Ethernet0/2,unassigned,up,up
hq-asw2,Ethernet0/3,unassigned,up,up
hq-asw2,Ethernet1/0,unassigned,up,up
hq-asw2,Ethernet1/1,unassigned,up,up
hq-asw2,Ethernet1/2,unassigned,up,up
hq-asw2,Ethernet1/3,unassigned,up,up
hq-asw2,Ethernet2/0,unassigned,up,up
hq-asw2,Ethernet2/1,unassigned,up,up
hq-asw2,Ethernet2/2,unassigned,up,up
hq-asw2,Ethernet2/3,unassigned,up,up
hq-asw2,Ethernet3/0,unassigned,up,up
hq-asw2,Ethernet3/1,unassigned,up,up
hq-asw2,Ethernet3/2,unassigned,up,up
hq-asw2,Ethernet3/3,unassigned,up,up
hq-asw2,Ethernet4/0,unassigned,up,up
hq-asw2,Ethernet4/1,unassigned,up,up
hq-asw2,Ethernet4/2,unassigned,up,up
hq-asw2,Ethernet4/3,unassigned,up,up
hq-asw2,Ethernet5/0,unassigned,up,up
hq-asw2,Ethernet5/1,unassigned,up,up
hq-asw2,Ethernet5/2,unassigned,up,up
hq-asw2,Ethernet5/3,unassigned,up,up
hq-asw2,Serial6/0,unassigned,down,down
hq-asw2,Serial6/1,unassigned,down,down
hq-asw2,Serial6/2,unassigned,down,down
hq-asw2,Serial6/3,unassigned,down,down
hq-asw2,Vlan95,10.10.95.3,up,up
hq-asw3,Ethernet0/0,unassigned,up,up
hq-asw3,Ethernet0/1,unassigned,up,up
hq-asw3,Ethernet0/2,unassigned,up,up
hq-asw3,Ethernet0/3,unassigned,up,up
hq-asw3,Ethernet1/0,unassigned,up,up
hq-asw3,Ethernet1/1,unassigned,up,up
hq-asw3,Ethernet1/2,unassigned,up,up
hq-asw3,Ethernet1/3,unassigned,up,up
hq-asw3,Ethernet2/0,unassigned,up,up
hq-asw3,Ethernet2/1,unassigned,up,up
hq-asw3,Ethernet2/2,unassigned,up,up
hq-asw3,Ethernet2/3,unassigned,up,up
hq-asw3,Ethernet3/0,unassigned,up,up
hq-asw3,Ethernet3/1,unassigned,up,up
hq-asw3,Ethernet3/2,unassigned,up,up
hq-asw3,Ethernet3/3,unassigned,up,up
hq-asw3,Ethernet4/0,unassigned,up,up
hq-asw3,Ethernet4/1,unassigned,up,up
hq-asw3,Ethernet4/2,unassigned,up,up
hq-asw3,Ethernet4/3,unassigned,up,up
hq-asw3,Ethernet5/0,unassigned,up,up
hq-asw3,Ethernet5/1,unassigned,up,up
hq-asw3,Ethernet5/2,unassigned,up,up
hq-asw3,Ethernet5/3,unassigned,up,up
hq-asw3,Serial6/0,unassigned,down,down
hq-asw3,Serial6/1,unassigned,down,down
hq-asw3,Serial6/2,unassigned,down,down
hq-asw3,Serial6/3,unassigned,down,down
hq-asw3,Vlan95,10.10.95.4,up,up
hq-dsw1,Ethernet0/0,10.10.255.1,up,up
hq-dsw1,Ethernet0/1,unassigned,up,up
hq-dsw1,Ethernet0/2,unassigned,up,up
hq-dsw1,Ethernet0/3,unassigned,up,up
hq-dsw1,Ethernet1/0,unassigned,up,up
hq-dsw1,Ethernet1/1,unassigned,up,up
hq-dsw1,Ethernet1/2,unassigned,up,up
hq-dsw1,Ethernet1/3,unassigned,up,up
hq-dsw1,Ethernet2/0,unassigned,up,up
hq-dsw1,Ethernet2/1,unassigned,up,up
hq-dsw1,Ethernet2/2,unassigned,up,up
hq-dsw1,Ethernet2/3,unassigned,up,up
hq-dsw1,Ethernet3/0,unassigned,up,up
hq-dsw1,Ethernet3/1,unassigned,up,up
hq-dsw1,Ethernet3/2,unassigned,up,up
hq-dsw1,Ethernet3/3,unassigned,up,up
hq-dsw1,Ethernet4/0,unassigned,up,up
hq-dsw1,Ethernet4/1,unassigned,up,up
hq-dsw1,Ethernet4/2,unassigned,up,up
hq-dsw1,Ethernet4/3,unassigned,up,up
hq-dsw1,Ethernet5/0,unassigned,up,up
hq-dsw1,Ethernet5/1,unassigned,up,up
hq-dsw1,Ethernet5/2,unassigned,up,up
hq-dsw1,Ethernet5/3,unassigned,up,up
hq-dsw1,Serial6/0,unassigned,down,down
hq-dsw1,Serial6/1,unassigned,down,down
hq-dsw1,Serial6/2,unassigned,down,down
hq-dsw1,Serial6/3,unassigned,down,down
hq-dsw1,Port-channel1,10.10.255.9,up,up
hq-dsw1,Vlan10,10.10.10.252,up,up
hq-dsw1,Vlan20,10.10.20.252,up,up
hq-dsw1,Vlan30,10.10.30.252,up,up
hq-dsw1,Vlan40,10.10.40.252,up,up
hq-dsw1,Vlan50,10.10.50.252,up,up
hq-dsw1,Vlan95,10.10.95.11,up,up
hq-dsw2,Ethernet0/0,10.10.255.5,up,up
hq-dsw2,Ethernet0/1,unassigned,up,up
hq-dsw2,Ethernet0/2,unassigned,up,up
hq-dsw2,Ethernet0/3,unassigned,up,up
hq-dsw2,Ethernet1/0,unassigned,up,up
hq-dsw2,Ethernet1/1,unassigned,up,up
hq-dsw2,Ethernet1/2,unassigned,up,up
hq-dsw2,Ethernet1/3,unassigned,up,up
hq-dsw2,Ethernet2/0,unassigned,up,up
hq-dsw2,Ethernet2/1,unassigned,up,up
hq-dsw2,Ethernet2/2,unassigned,up,up
hq-dsw2,Ethernet2/3,unassigned,up,up
hq-dsw2,Ethernet3/0,unassigned,up,up
hq-dsw2,Ethernet3/1,unassigned,up,up
hq-dsw2,Ethernet3/2,unassigned,up,up
hq-dsw2,Ethernet3/3,unassigned,up,up
hq-dsw2,Serial4/0,unassigned,down,down
hq-dsw2,Serial4/1,unassigned,down,down
hq-dsw2,Serial4/2,unassigned,down,down
hq-dsw2,Serial4/3,unassigned,down,down
hq-dsw2,Port-channel1,10.10.255.10,up,up
hq-dsw2,Vlan10,10.10.10.253,up,up
hq-dsw2,Vlan20,10.10.20.253,up,up
hq-dsw2,Vlan30,10.10.30.253,up,up
hq-dsw2,Vlan40,10.10.40.253,up,up
hq-dsw2,Vlan50,10.10.50.253,up,up
hq-dsw2,Vlan95,10.10.95.12,up,up
